"country","iso2c","iso3c","year","RQ.EST","VA.EST","PV.EST","GE.EST","CC.EST","RL.EST"
"Algeria","DZ","DZA",2002,-0.574951589107513,-1.04466021060944,-1.63456511497498,-0.614207327365875,-0.928754985332489,-0.636733174324036
"Algeria","DZ","DZA",2003,-0.481900811195374,-1.07671809196472,-1.75440907478333,-0.670340299606323,-0.715244472026825,-0.605380773544312
"Algeria","DZ","DZA",2004,-0.441777735948563,-0.802059054374695,-1.35918843746185,-0.553408741950989,-0.699272692203522,-0.616287350654602
"Algeria","DZ","DZA",2005,-0.341526746749878,-0.715685963630676,-0.913666009902954,-0.4386146068573,-0.466420471668243,-0.773644506931305
"Algeria","DZ","DZA",2006,-0.500463128089905,-0.916875541210175,-1.1264134645462,-0.43114972114563,-0.564962565898895,-0.775204539299011
"Algeria","DZ","DZA",2007,-0.52258163690567,-0.984122395515442,-1.15058553218842,-0.53074586391449,-0.592309474945068,-0.791886448860168
"Algeria","DZ","DZA",2008,-0.62473601102829,-0.979712247848511,-1.09584629535675,-0.596755087375641,-0.633444845676422,-0.767772257328033
"Algeria","DZ","DZA",2009,-0.964235186576843,-1.03841888904572,-1.19691348075867,-0.529050767421722,-0.614938259124756,-0.82556688785553
"Algeria","DZ","DZA",2010,-1.10480070114136,-1.02233076095581,-1.25936758518219,-0.388126194477081,-0.552147269248962,-0.816793382167816
"Algeria","DZ","DZA",2011,-1.21237993240356,-1.00412118434906,-1.36056065559387,-0.514732301235199,-0.572699666023254,-0.845334827899933
"Algeria","DZ","DZA",2012,-1.32038903236389,-0.906026601791382,-1.32504332065582,-0.444745928049088,-0.521544516086578,-0.812617719173431
"Algeria","DZ","DZA",2013,-1.13844060897827,-0.893353223800659,-1.20237147808075,-0.428817510604858,-0.472622781991959,-0.693158984184265
"Algeria","DZ","DZA",2014,-1.30188941955566,-0.813357710838318,-1.19053518772125,-0.336888343095779,-0.61265641450882,-0.804205596446991
"Algeria","DZ","DZA",2015,-1.23323774337769,-0.847575545310974,-1.0901597738266,-0.37799397110939,-0.616887092590332,-0.927119016647339
"Algeria","DZ","DZA",2016,-1.23002624511719,-0.861592352390289,-1.09752571582794,-0.430877894163132,-0.652786314487457,-0.906229853630066
"Algeria","DZ","DZA",2017,-1.25940835475922,-0.902943968772888,-0.915799140930176,-0.506708323955536,-0.576397895812988,-0.91266143321991
"Algeria","DZ","DZA",2018,-1.32996296882629,-0.999710500240326,-0.836119592189789,-0.457864254713058,-0.637313365936279,-0.793038606643677
"Algeria","DZ","DZA",2019,-1.3732773065567,-1.05352377891541,-1.04434263706207,-0.54141891002655,-0.63569438457489,-0.848534941673279
"Algeria","DZ","DZA",2020,-1.33929824829102,-1.08801770210266,-0.840253829956055,-0.544885635375977,-0.645068347454071,-0.793100297451019
"Algeria","DZ","DZA",2021,-1.17087244987488,-1.00951933860779,-0.876465022563934,-0.620759844779968,-0.614184439182281,-0.816039979457855
"Bahrain","BH","BHR",2002,0.867863118648529,-0.571163654327393,0.290830373764038,0.507285356521606,0.791833281517029,0.545502603054047
"Bahrain","BH","BHR",2003,0.621469795703888,-0.590705573558807,0.483918994665146,0.426035732030869,0.374170809984207,0.593708753585815
"Bahrain","BH","BHR",2004,0.702606558799744,-0.561549425125122,0.313402563333511,0.527056634426117,0.436752140522003,0.696617662906647
"Bahrain","BH","BHR",2005,0.659460783004761,-0.743174850940704,0.0141627388074994,0.391059279441834,0.383150041103363,0.597055912017822
"Bahrain","BH","BHR",2006,0.682441473007202,-0.903966546058655,-0.365050613880157,0.386875808238983,0.188148677349091,0.370951920747757
"Bahrain","BH","BHR",2007,0.764767169952393,-0.856526553630829,-0.247773513197899,0.402686685323715,0.175549507141113,0.521369874477386
"Bahrain","BH","BHR",2008,0.711206674575806,-0.868917524814606,-0.237366229295731,0.379488408565521,0.181815281510353,0.52541184425354
"Bahrain","BH","BHR",2009,0.692689776420593,-0.790999948978424,-0.137239441275597,0.476081341505051,0.180615961551666,0.511492669582367
"Bahrain","BH","BHR",2010,0.712015807628632,-0.965909421443939,-0.493476390838623,0.451603800058365,0.179316192865372,0.429740220308304
"Bahrain","BH","BHR",2011,0.716491401195526,-1.21731686592102,-0.950841903686523,0.51492440700531,0.209991171956062,0.346452385187149
"Bahrain","BH","BHR",2012,0.684159576892853,-1.31802463531494,-1.12995493412018,0.544541776180267,0.366530209779739,0.253650158643723
"Bahrain","BH","BHR",2013,0.602282524108887,-1.31746447086334,-1.33541774749756,0.584795832633972,0.42616268992424,0.326401859521866
"Bahrain","BH","BHR",2014,0.704518795013428,-1.31105923652649,-0.907474875450134,0.561928749084473,0.273521840572357,0.413401126861572
"Bahrain","BH","BHR",2015,0.815443456172943,-1.31306099891663,-1.07354021072388,0.55733323097229,0.134317710995674,0.421636015176773
"Bahrain","BH","BHR",2016,0.604506552219391,-1.37202835083008,-0.793425679206848,0.325291305780411,-0.0218939129263163,0.451010048389435
"Bahrain","BH","BHR",2017,0.41257381439209,-1.38725662231445,-0.96156370639801,0.191406816244125,-0.145698264241219,0.442517638206482
"Bahrain","BH","BHR",2018,0.414948463439941,-1.42143869400024,-0.850452601909637,0.175440326333046,-0.151664435863495,0.407098770141602
"Bahrain","BH","BHR",2019,0.483154505491257,-1.42923247814178,-0.627359509468079,0.294352799654007,-0.0141103724017739,0.489411115646362
"Bahrain","BH","BHR",2020,0.626398086547852,-1.45399737358093,-0.617841720581055,0.42190483212471,-0.0697314366698265,0.484862118959427
"Bahrain","BH","BHR",2021,0.849090099334717,-1.50159561634064,-0.505110561847687,0.717128276824951,0.168159812688828,0.470811009407043
"Egypt, Arab Rep.","EG","EGY",2002,-0.456903666257858,-1.10229003429413,-0.414172112941742,-0.446098297834396,-0.44015771150589,-0.0114680724218488
"Egypt, Arab Rep.","EG","EGY",2003,-0.574796617031097,-1.08318543434143,-0.640924513339996,-0.380943357944489,-0.530747950077057,-0.00235446891747415
"Egypt, Arab Rep.","EG","EGY",2004,-0.56948184967041,-0.947557926177979,-0.822401702404022,-0.267650991678238,-0.583505749702454,0.0133178951218724
"Egypt, Arab Rep.","EG","EGY",2005,-0.45302626490593,-0.964780926704407,-0.629358649253845,-0.393202990293503,-0.539499521255493,-0.00122323480900377
"Egypt, Arab Rep.","EG","EGY",2006,-0.407716184854507,-1.19926512241364,-0.837807655334473,-0.494286626577377,-0.737334072589874,-0.278967440128326
"Egypt, Arab Rep.","EG","EGY",2007,-0.317137002944946,-1.16774547100067,-0.552382111549377,-0.368510872125626,-0.737870097160339,-0.246213480830193
"Egypt, Arab Rep.","EG","EGY",2008,-0.201634988188744,-1.21223938465118,-0.510431706905365,-0.374092191457748,-0.765909254550934,-0.129783600568771
"Egypt, Arab Rep.","EG","EGY",2009,-0.17781800031662,-1.15747153759003,-0.607227087020874,-0.200358405709267,-0.464862793684006,-0.0833449959754944
"Egypt, Arab Rep.","EG","EGY",2010,-0.147598043084145,-1.18803703784943,-0.898418307304382,-0.314766198396683,-0.596871852874756,-0.174863860011101
"Egypt, Arab Rep.","EG","EGY",2011,-0.246938586235046,-1.13998341560364,-1.43705701828003,-0.435919046401978,-0.633263945579529,-0.483893096446991
"Egypt, Arab Rep.","EG","EGY",2012,-0.385591775178909,-0.765063405036926,-1.43632972240448,-0.681242823600769,-0.579664349555969,-0.536399841308594
"Egypt, Arab Rep.","EG","EGY",2013,-0.557433128356934,-1.05155897140503,-1.63883090019226,-0.782649993896484,-0.613801896572113,-0.735893428325653
"Egypt, Arab Rep.","EG","EGY",2014,-0.687225043773651,-1.17993485927582,-1.63117659091949,-0.715678930282593,-0.575114548206329,-0.698362648487091
"Egypt, Arab Rep.","EG","EGY",2015,-0.775073707103729,-1.18993127346039,-1.49664568901062,-0.658710360527039,-0.578130006790161,-0.586068212985992
"Egypt, Arab Rep.","EG","EGY",2016,-0.881517708301544,-1.20455706119537,-1.43769657611847,-0.498412042856216,-0.569078922271729,-0.465633779764175
"Egypt, Arab Rep.","EG","EGY",2017,-0.795041739940643,-1.25129985809326,-1.42452728748322,-0.496926844120026,-0.473245531320572,-0.433546245098114
"Egypt, Arab Rep.","EG","EGY",2018,-0.789002001285553,-1.32844436168671,-1.18004941940308,-0.418590575456619,-0.492103576660156,-0.284198880195618
"Egypt, Arab Rep.","EG","EGY",2019,-0.742943406105042,-1.4444568157196,-1.11419188976288,-0.216252833604813,-0.634925246238709,-0.318304538726807
"Egypt, Arab Rep.","EG","EGY",2020,-0.556164801120758,-1.48410129547119,-1.16615056991577,-0.420183449983597,-0.789791584014893,-0.310287296772003
"Egypt, Arab Rep.","EG","EGY",2021,-0.5065838098526,-1.50977849960327,-1.02420508861542,-0.432110905647278,-0.684838116168976,-0.244830429553986
"Iran, Islamic Rep.","IR","IRN",2002,-1.31669890880585,-1.07524108886719,-0.773440599441528,-0.616700828075409,-0.218060061335564,-0.821777701377869
"Iran, Islamic Rep.","IR","IRN",2003,-1.22716307640076,-1.25318002700806,-0.779733180999756,-0.554987549781799,-0.311086535453796,-0.680515766143799
"Iran, Islamic Rep.","IR","IRN",2004,-1.27209603786469,-1.23303318023682,-0.761824309825897,-0.488706886768341,-0.359162539243698,-0.673581480979919
"Iran, Islamic Rep.","IR","IRN",2005,-1.17462551593781,-1.28215098381042,-0.782738864421844,-0.655147314071655,-0.477626025676727,-0.865804314613342
"Iran, Islamic Rep.","IR","IRN",2006,-1.41659390926361,-1.50055873394012,-1.04084002971649,-0.544011056423187,-0.484105497598648,-0.994356155395508
"Iran, Islamic Rep.","IR","IRN",2007,-1.59721124172211,-1.55446839332581,-0.931640446186066,-0.634634912014008,-0.556039273738861,-1.02745187282562
"Iran, Islamic Rep.","IR","IRN",2008,-1.60734331607819,-1.56973898410797,-0.939874708652496,-0.668018817901611,-0.755060851573944,-0.97846394777298
"Iran, Islamic Rep.","IR","IRN",2009,-1.70581245422363,-1.58175098896027,-1.56424200534821,-0.562718391418457,-0.767309308052063,-1.05367839336395
"Iran, Islamic Rep.","IR","IRN",2010,-1.70923280715942,-1.60616195201874,-1.63059186935425,-0.483971029520035,-0.948633968830109,-1.02666425704956
"Iran, Islamic Rep.","IR","IRN",2011,-1.52120280265808,-1.5831161737442,-1.4217677116394,-0.438510596752167,-0.880579233169556,-0.967787086963654
"Iran, Islamic Rep.","IR","IRN",2012,-1.4260185956955,-1.60021269321442,-1.32392609119415,-0.527663171291351,-0.797346830368042,-0.918653786182404
"Iran, Islamic Rep.","IR","IRN",2013,-1.49050867557526,-1.60837185382843,-1.24968659877777,-0.677003026008606,-0.693658530712128,-0.996962249279022
"Iran, Islamic Rep.","IR","IRN",2014,-1.45748889446259,-1.58074295520782,-0.874987661838531,-0.427461057901382,-0.625268459320068,-1.05270552635193
"Iran, Islamic Rep.","IR","IRN",2015,-1.31435525417328,-1.5135885477066,-0.92570173740387,-0.209973752498627,-0.610128343105316,-0.923921585083008
"Iran, Islamic Rep.","IR","IRN",2016,-1.23414504528046,-1.34296941757202,-0.813075423240662,-0.192301854491234,-0.717735409736633,-0.680720984935761
"Iran, Islamic Rep.","IR","IRN",2017,-1.20061385631561,-1.29984736442566,-0.934016048908234,-0.199220180511475,-0.816620290279388,-0.685296177864075
"Iran, Islamic Rep.","IR","IRN",2018,-1.37822425365448,-1.33407306671143,-1.3479346036911,-0.433131128549576,-0.963367998600006,-0.696153163909912
"Iran, Islamic Rep.","IR","IRN",2019,-1.4258553981781,-1.38690960407257,-1.70692205429077,-0.556162297725677,-1.05230605602264,-0.751262247562408
"Iran, Islamic Rep.","IR","IRN",2020,-1.46717286109924,-1.4767347574234,-1.69702434539795,-0.99354088306427,-1.09052395820618,-0.867971539497375
"Iran, Islamic Rep.","IR","IRN",2021,-1.62226402759552,-1.4702707529068,-1.62163186073303,-0.858067035675049,-1.09630155563354,-0.947225153446198
"Iraq","IQ","IRQ",2002,-1.99508655071259,-2.05034351348877,-1.60128676891327,-1.96257197856903,-1.39314687252045,-1.51278352737427
"Iraq","IQ","IRQ",2003,-1.44656097888947,-1.50118041038513,-2.39324522018433,-1.74186146259308,-1.20932233333588,-1.64462292194366
"Iraq","IQ","IRQ",2004,-1.65152943134308,-1.64300525188446,-3.18035173416138,-1.60700845718384,-1.48941576480865,-1.82427036762238
"Iraq","IQ","IRQ",2005,-1.53895127773285,-1.30099940299988,-2.68864846229553,-1.6364278793335,-1.37778413295746,-1.71689701080322
"Iraq","IQ","IRQ",2006,-1.3950526714325,-1.28219759464264,-2.82640218734741,-1.73449349403381,-1.45071041584015,-1.68082666397095
"Iraq","IQ","IRQ",2007,-1.32441711425781,-1.12617206573486,-2.77105069160461,-1.57320332527161,-1.46137678623199,-1.83802831172943
"Iraq","IQ","IRQ",2008,-1.1475750207901,-1.10468685626984,-2.46689653396606,-1.24016404151917,-1.46223545074463,-1.76817429065704
"Iraq","IQ","IRQ",2009,-1.00585889816284,-1.02345550060272,-2.17470788955688,-1.1879198551178,-1.32808184623718,-1.70071530342102
"Iraq","IQ","IRQ",2010,-1.02928555011749,-0.991843640804291,-2.23926711082459,-1.10368037223816,-1.3631272315979,-1.70723676681519
"Iraq","IQ","IRQ",2011,-1.00996208190918,-1.06950151920319,-1.84698355197906,-1.07396984100342,-1.25806474685669,-1.55628681182861
"Iraq","IQ","IRQ",2012,-1.14061653614044,-1.07618057727814,-1.93405020236969,-1.05594384670258,-1.24822700023651,-1.57004082202911
"Iraq","IQ","IRQ",2013,-1.12933826446533,-1.05719232559204,-2.01139044761658,-1.04816651344299,-1.3153293132782,-1.56391370296478
"Iraq","IQ","IRQ",2014,-1.1338427066803,-1.14425325393677,-2.48033785820007,-1.05616867542267,-1.36334228515625,-1.44824421405792
"Iraq","IQ","IRQ",2015,-1.12743592262268,-1.1279354095459,-2.26035189628601,-1.17353999614716,-1.41592681407928,-1.5468932390213
"Iraq","IQ","IRQ",2016,-0.979118645191193,-1.01554954051971,-2.31358766555786,-1.20345497131348,-1.44723451137543,-1.76013433933258
"Iraq","IQ","IRQ",2017,-1.09011483192444,-1.047243475914,-2.3071026802063,-1.20053422451019,-1.41571772098541,-1.74507582187653
"Iraq","IQ","IRQ",2018,-1.04639756679535,-1.00415813922882,-2.52842211723328,-1.24507141113281,-1.44122731685638,-1.79168701171875
"Iraq","IQ","IRQ",2019,-1.0797153711319,-0.964400827884674,-2.60378122329712,-1.2862833738327,-1.37422370910645,-1.75637316703796
"Iraq","IQ","IRQ",2020,-1.32095611095428,-1.00720608234406,-2.46385145187378,-1.28007757663727,-1.31546902656555,-1.7775753736496
"Iraq","IQ","IRQ",2021,-1.11215388774872,-0.96296638250351,-2.39699196815491,-1.29181385040283,-1.25052845478058,-1.73155725002289
"Israel","IL","ISR",2002,0.919349908828735,0.589134454727173,-1.46213829517365,1.03079378604889,1.19631850719452,1.06982314586639
"Israel","IL","ISR",2003,0.905544698238373,0.644292593002319,-1.51878440380096,1.13938665390015,1.08441746234894,0.910984516143799
"Israel","IL","ISR",2004,0.817563414573669,0.662250339984894,-1.32268130779266,1.24159622192383,0.911944389343262,0.848270535469055
"Israel","IL","ISR",2005,0.861688017845154,0.646124362945557,-1.24752271175385,1.03811526298523,0.823018372058868,0.807715952396393
"Israel","IL","ISR",2006,0.997165620326996,0.774156391620636,-1.2592887878418,1.24749112129211,1.00024521350861,0.891168355941772
"Israel","IL","ISR",2007,1.10058665275574,0.740543842315674,-1.25203287601471,1.23018038272858,0.843343794345856,0.816402733325958
"Israel","IL","ISR",2008,1.171262383461,0.723265171051025,-1.32310199737549,1.32513344287872,0.884931147098541,0.837563395500183
"Israel","IL","ISR",2009,1.09900569915771,0.570473194122314,-1.62521064281464,1.27123546600342,0.803259551525116,0.835133969783783
"Israel","IL","ISR",2010,1.21482515335083,0.583845376968384,-1.34115171432495,1.38602197170258,0.750026702880859,0.909712016582489
"Israel","IL","ISR",2011,1.31119441986084,0.653309524059296,-1.20131802558899,1.33658075332642,0.797708332538605,1.00532269477844
"Israel","IL","ISR",2012,1.1711333990097,0.644344866275787,-1.07890439033508,1.26950836181641,0.902115404605865,0.928755700588226
"Israel","IL","ISR",2013,1.15938007831573,0.64940619468689,-1.10128474235535,1.24334001541138,0.906050980091095,0.97163850069046
"Israel","IL","ISR",2014,1.21122050285339,0.727600991725922,-1.03973531723022,1.20602762699127,0.860894560813904,1.10547494888306
"Israel","IL","ISR",2015,1.2680686712265,0.744936585426331,-1.09491276741028,1.38379633426666,0.93956995010376,1.1572390794754
"Israel","IL","ISR",2016,1.30929720401764,0.786671698093414,-0.794536352157593,1.33967506885529,1.18132281303406,1.06481802463531
"Israel","IL","ISR",2017,1.2697217464447,0.697237491607666,-0.887956023216248,1.38092422485352,0.822245359420776,1.01619458198547
"Israel","IL","ISR",2018,1.24497127532959,0.621403992176056,-0.91167026758194,1.2012026309967,0.782391667366028,0.986686706542969
"Israel","IL","ISR",2019,1.27937412261963,0.660120010375977,-0.793371558189392,1.31913733482361,0.80241847038269,1.04125499725342
"Israel","IL","ISR",2020,1.24481773376465,0.654493689537048,-0.850372076034546,1.08803522586823,0.562145948410034,0.965977609157562
"Israel","IL","ISR",2021,1.20903754234314,0.682616651058197,-1.06135106086731,1.29196643829346,0.85577130317688,0.941778302192688
"Jordan","JO","JOR",2002,0.0243817344307899,-0.796563565731049,-0.456774443387985,0.0788851901888847,-0.0623230412602425,0.0616088919341564
"Jordan","JO","JOR",2003,0.190872624516487,-0.634042143821716,-0.0737013816833496,0.16534985601902,0.333168774843216,0.324614763259888
"Jordan","JO","JOR",2004,0.294872522354126,-0.549854576587677,-0.234758883714676,0.0367701984941959,0.290117710828781,0.297468900680542
"Jordan","JO","JOR",2005,0.0782263427972794,-0.514288365840912,-0.132929384708405,0.00781855918467045,0.280934184789658,0.299183219671249
"Jordan","JO","JOR",2006,0.325835555791855,-0.717004716396332,-0.762317538261414,0.193850517272949,0.279343515634537,0.303705811500549
"Jordan","JO","JOR",2007,0.315182119607925,-0.676780760288239,-0.300741791725159,0.235636860132217,0.287263840436935,0.36315992474556
"Jordan","JO","JOR",2008,0.336663454771042,-0.737368822097778,-0.370714008808136,0.243918031454086,0.380167007446289,0.397879958152771
"Jordan","JO","JOR",2009,0.283120602369308,-0.784575819969177,-0.356457054615021,0.241980701684952,0.16472952067852,0.216567948460579
"Jordan","JO","JOR",2010,0.229590550065041,-0.799314975738525,-0.312492519617081,0.0963057428598404,0.0383146591484547,0.146154016256332
"Jordan","JO","JOR",2011,0.310276180505753,-0.796205163002014,-0.513562262058258,0.103498704731464,0.0994421243667603,0.20058399438858
"Jordan","JO","JOR",2012,0.230972111225128,-0.734492719173431,-0.523977637290955,0.0486354753375053,0.0705865696072578,0.350899755954742
"Jordan","JO","JOR",2013,0.165576979517937,-0.806754469871521,-0.6063152551651,0.000103879363450687,0.06590935587883,0.375538468360901
"Jordan","JO","JOR",2014,0.09913120418787,-0.753637075424194,-0.540025532245636,0.142491489648819,0.135434180498123,0.467406094074249
"Jordan","JO","JOR",2015,0.112906821072102,-0.769376814365387,-0.605778574943542,0.145525068044662,0.272945016622543,0.436740309000015
"Jordan","JO","JOR",2016,0.0780434757471085,-0.71107143163681,-0.492398381233215,0.15731056034565,0.279011130332947,0.26536950469017
"Jordan","JO","JOR",2017,0.0943333879113197,-0.720976769924164,-0.451625287532806,0.106722481548786,0.255141973495483,0.257462173700333
"Jordan","JO","JOR",2018,0.0430090539157391,-0.723807156085968,-0.388832628726959,0.134981378912926,0.149858891963959,0.2539322078228
"Jordan","JO","JOR",2019,0.0463295765221119,-0.694556832313538,-0.261968046426773,0.112162530422211,0.105421982705593,0.15701200067997
"Jordan","JO","JOR",2020,0.267318606376648,-0.747323870658875,-0.274932473897934,0.126554161310196,0.0628296583890915,0.222329378128052
"Jordan","JO","JOR",2021,0.150672376155853,-0.799156606197357,-0.275730043649673,0.227398812770844,0.0504625402390957,0.212818905711174
"Kuwait","KW","KWT",2002,0.330263942480087,-0.361814767122269,-0.146744310855865,0.0672201365232468,0.981545209884644,0.591441988945007
"Kuwait","KW","KWT",2003,0.37794953584671,-0.39665812253952,0.294286906719208,0.0714612081646919,0.76597386598587,0.548373997211456
"Kuwait","KW","KWT",2004,0.557990670204163,-0.303084462881088,0.345240026712418,0.0858617946505547,0.770029485225677,0.50747549533844
"Kuwait","KW","KWT",2005,0.470535069704056,-0.483525156974792,0.253690272569656,0.168505966663361,0.500354409217834,0.5277419090271
"Kuwait","KW","KWT",2006,0.294112592935562,-0.581767320632935,0.412733107805252,0.278032392263412,0.426627278327942,0.529348492622375
"Kuwait","KW","KWT",2007,0.257980853319168,-0.545192837715149,0.62064391374588,0.0935948044061661,0.364861726760864,0.593082547187805
"Kuwait","KW","KWT",2008,0.174718603491783,-0.54338139295578,0.501767992973328,-0.013879394158721,0.412061005830765,0.580513060092926
"Kuwait","KW","KWT",2009,0.15273329615593,-0.48464497923851,0.353407442569733,0.197572693228722,0.304186642169952,0.580420553684235
"Kuwait","KW","KWT",2010,0.158382713794708,-0.524435043334961,0.451988816261292,0.163350805640221,0.298077821731567,0.585773587226868
"Kuwait","KW","KWT",2011,0.0798686146736145,-0.558573603630066,0.311102718114853,0.0189581178128719,0.078883208334446,0.542900204658508
"Kuwait","KW","KWT",2012,-0.0403301902115345,-0.642977952957153,0.203606218099594,-0.0735591202974319,-0.197435706853867,0.362745106220245
"Kuwait","KW","KWT",2013,-0.0739683508872986,-0.65760612487793,0.166055589914322,-0.072658471763134,-0.195034772157669,0.360852837562561
"Kuwait","KW","KWT",2014,-0.147546112537384,-0.657450437545776,0.149006545543671,-0.149660989642143,-0.246068090200424,0.0232262052595615
"Kuwait","KW","KWT",2015,-0.176680192351341,-0.663655161857605,-0.213420271873474,-0.0345999412238598,-0.230124101042747,-0.00140532257501036
"Kuwait","KW","KWT",2016,-0.0780019983649254,-0.628870189189911,-0.0496831648051739,-0.164509519934654,-0.274353355169296,0.0239427592605352
"Kuwait","KW","KWT",2017,-0.0640166401863098,-0.607019484043121,-0.0458654649555683,-0.178383439779282,-0.336296081542969,0.0978724732995033
"Kuwait","KW","KWT",2018,0.0236565358936787,-0.610377907752991,0.101598054170609,-0.0915746539831162,-0.293836444616318,0.205699980258942
"Kuwait","KW","KWT",2019,0.0628094375133514,-0.65522301197052,0.192640528082848,0.0146340792998672,-0.136734887957573,0.211396709084511
"Kuwait","KW","KWT",2020,0.287086755037308,-0.677922606468201,0.250931322574615,-0.163963556289673,-0.0688270926475525,0.32776090502739
"Kuwait","KW","KWT",2021,0.174784913659096,-0.703414440155029,0.299016237258911,-0.0383672453463078,-0.0335660167038441,0.260516583919525
"Lebanon","LB","LBN",2002,-0.418498694896698,-0.662610352039337,-0.35481521487236,-0.207287535071373,-0.415403097867966,-0.278718441724777
"Lebanon","LB","LBN",2003,-0.148626938462257,-0.491062015295029,-0.459642589092255,-0.136932387948036,-0.612619996070862,-0.346831738948822
"Lebanon","LB","LBN",2004,-0.0960905030369759,-0.413962543010712,-0.713360965251923,-0.156535685062408,-0.5928635597229,-0.201959788799286
"Lebanon","LB","LBN",2005,-0.180461525917053,-0.281063884496689,-0.999740839004517,-0.110049694776535,-0.532331883907318,-0.232234254479408
"Lebanon","LB","LBN",2006,-0.274100661277771,-0.387200713157654,-1.8038626909256,-0.153624713420868,-0.999498069286346,-0.601163983345032
"Lebanon","LB","LBN",2007,-0.343958228826523,-0.467368990182877,-2.11909532546997,-0.217762872576714,-0.939466238021851,-0.656928777694702
"Lebanon","LB","LBN",2008,-0.338716268539429,-0.422118216753006,-1.87660884857178,-0.31451028585434,-0.858251392841339,-0.606169164180756
"Lebanon","LB","LBN",2009,-0.101630218327045,-0.355243325233459,-1.5616968870163,-0.384471654891968,-0.871679723262787,-0.614996731281281
"Lebanon","LB","LBN",2010,0.0223116930574179,-0.331291496753693,-1.62501502037048,-0.133641436696053,-0.915250718593597,-0.644749224185944
"Lebanon","LB","LBN",2011,-0.120911702513695,-0.390134036540985,-1.55828750133514,-0.132695227861404,-0.900145947933197,-0.634227335453033
"Lebanon","LB","LBN",2012,-0.137205541133881,-0.385833382606506,-1.66481232643127,-0.231662377715111,-0.8656907081604,-0.70023500919342
"Lebanon","LB","LBN",2013,-0.0807817652821541,-0.404981285333633,-1.69035339355469,-0.299645811319351,-0.924281895160675,-0.73164564371109
"Lebanon","LB","LBN",2014,-0.295429080724716,-0.420295923948288,-1.69794130325317,-0.248904824256897,-1.04220545291901,-0.720965027809143
"Lebanon","LB","LBN",2015,-0.345974266529083,-0.462539732456207,-1.7025865316391,-0.364741653203964,-0.880549967288971,-0.789825677871704
"Lebanon","LB","LBN",2016,-0.404922306537628,-0.519660770893097,-1.61897265911102,-0.44288957118988,-0.971040368080139,-0.796596467494965
"Lebanon","LB","LBN",2017,-0.361218214035034,-0.576119244098663,-1.62756204605103,-0.423257857561111,-1.00864160060883,-0.79401570558548
"Lebanon","LB","LBN",2018,-0.439139604568481,-0.519749104976654,-1.62908542156219,-0.642591893672943,-1.11350071430206,-0.766756296157837
"Lebanon","LB","LBN",2019,-0.509830474853516,-0.515448808670044,-1.67252099514008,-0.780926525592804,-1.15123629570007,-0.834570825099945
"Lebanon","LB","LBN",2020,-0.750317633152008,-0.554358303546906,-1.61837947368622,-1.18356895446777,-1.16006505489349,-0.888719499111176
"Lebanon","LB","LBN",2021,-0.882778704166412,-0.625625669956207,-1.49348056316376,-1.28703927993774,-1.2297043800354,-1.07356607913971
"Libya","LY","LBY",2002,-1.62045848369598,-1.82406485080719,-0.0953808054327965,-1.03007936477661,-0.944232821464539,-1.14361846446991
"Libya","LY","LBY",2003,-1.51255631446838,-1.7566545009613,0.120704226195812,-0.929176092147827,-0.886524617671967,-0.907567977905273
"Libya","LY","LBY",2004,-1.35911738872528,-1.79518795013428,0.355680614709854,-0.863446056842804,-0.915932536125183,-0.910640358924866
"Libya","LY","LBY",2005,-1.48905444145203,-1.85839438438416,0.448557078838348,-1.05012738704681,-0.966960072517395,-0.980864763259888
"Libya","LY","LBY",2006,-1.46298718452454,-1.98288238048553,0.358128875494003,-1.07831382751465,-1.08714544773102,-1.08017063140869
"Libya","LY","LBY",2007,-1.1110463142395,-1.95115220546722,0.747057616710663,-1.22651791572571,-1.0477808713913,-0.955795526504517
"Libya","LY","LBY",2008,-1.09222114086151,-1.94149112701416,0.808881163597107,-1.13037168979645,-0.975061655044556,-0.823480367660522
"Libya","LY","LBY",2009,-1.18580102920532,-1.91027736663818,0.831896722316742,-1.08278250694275,-1.21037030220032,-0.943409562110901
"Libya","LY","LBY",2010,-1.29825878143311,-1.94041454792023,0.0280884467065334,-1.0851081609726,-1.26290345191956,-1.00942170619965
"Libya","LY","LBY",2011,-1.42794060707092,-1.59441232681274,-1.28737926483154,-1.05057597160339,-1.23168122768402,-1.07831406593323
"Libya","LY","LBY",2012,-1.62144076824188,-0.900741994380951,-1.5869597196579,-1.2741847038269,-1.3150190114975,-0.980967283248901
"Libya","LY","LBY",2013,-1.74517679214478,-0.97160005569458,-1.84407651424408,-1.3228075504303,-1.44046199321747,-1.2608003616333
"Libya","LY","LBY",2014,-2.09778738021851,-1.11204063892365,-2.35340714454651,-1.51752257347107,-1.52100121974945,-1.3894624710083
"Libya","LY","LBY",2015,-2.21806597709656,-1.33993685245514,-2.19662833213806,-1.45964801311493,-1.56126523017883,-1.50840246677399
"Libya","LY","LBY",2016,-2.20100069046021,-1.42839288711548,-2.28332996368408,-1.7214697599411,-1.5637354850769,-1.68959522247314
"Libya","LY","LBY",2017,-2.12237405776978,-1.44198369979858,-2.36222577095032,-1.57775521278381,-1.54259932041168,-1.6723518371582
"Libya","LY","LBY",2018,-2.1934802532196,-1.5367214679718,-2.44421720504761,-1.66174829006195,-1.51343107223511,-1.68011999130249
"Libya","LY","LBY",2019,-2.28220462799072,-1.4771842956543,-2.56807422637939,-1.75157129764557,-1.56031382083893,-1.7475665807724
"Libya","LY","LBY",2020,-2.20153212547302,-1.36011254787445,-2.46119570732117,-1.8408727645874,-1.56623435020447,-1.85675048828125
"Libya","LY","LBY",2021,-1.95119202136993,-1.46291971206665,-2.36690974235535,-1.72276699542999,-1.56740462779999,-1.78426325321198
"Morocco","MA","MAR",2002,-0.078193411231041,-0.465828567743301,-0.261418521404266,-0.195086255669594,-0.240059301257133,-0.0490107983350754
"Morocco","MA","MAR",2003,-0.284974277019501,-0.752867102622986,-0.407007366418839,-0.19223515689373,-0.319970190525055,-0.112911000847816
"Morocco","MA","MAR",2004,-0.244661465287209,-0.508274614810944,-0.312668710947037,-0.200155571103096,-0.243782788515091,-0.0490320511162281
"Morocco","MA","MAR",2005,-0.437574356794357,-0.687104880809784,-0.556680738925934,-0.388703554868698,-0.425059497356415,-0.269636899232864
"Morocco","MA","MAR",2006,-0.212712377309799,-0.712467074394226,-0.461343467235565,-0.254543036222458,-0.476106464862823,-0.318183392286301
"Morocco","MA","MAR",2007,-0.215945512056351,-0.707481861114502,-0.501324236392975,-0.334395855665207,-0.386843711137772,-0.329650670289993
"Morocco","MA","MAR",2008,-0.159162044525146,-0.758323967456818,-0.57127320766449,-0.347747772932053,-0.433665722608566,-0.385672748088837
"Morocco","MA","MAR",2009,-0.0905578508973122,-0.745714902877808,-0.398299634456635,-0.282152444124222,-0.367966145277023,-0.262815058231354
"Morocco","MA","MAR",2010,-0.119565077126026,-0.698601484298706,-0.383013308048248,-0.228841036558151,-0.231423750519753,-0.21353417634964
"Morocco","MA","MAR",2011,-0.176636278629303,-0.709956765174866,-0.392256796360016,-0.264674335718155,-0.452251225709915,-0.275484472513199
"Morocco","MA","MAR",2012,-0.110853657126427,-0.605667233467102,-0.470458775758743,-0.133275002241135,-0.49313035607338,-0.292328745126724
"Morocco","MA","MAR",2013,-0.0910557433962822,-0.698580145835876,-0.493017613887787,-0.0779731273651123,-0.423098087310791,-0.344564139842987
"Morocco","MA","MAR",2014,-0.0279159974306822,-0.688516020774841,-0.446265608072281,-0.1302739828825,-0.305042803287506,-0.130764111876488
"Morocco","MA","MAR",2015,-0.0814516991376877,-0.630448698997498,-0.341487407684326,-0.111680008471012,-0.261249363422394,-0.161094024777412
"Morocco","MA","MAR",2016,-0.145550981163979,-0.624200046062469,-0.312573462724686,-0.164237484335899,-0.165456429123878,-0.256550669670105
"Morocco","MA","MAR",2017,-0.143823474645615,-0.67085862159729,-0.373987466096878,-0.27918940782547,-0.174473464488983,-0.26047158241272
"Morocco","MA","MAR",2018,-0.246215358376503,-0.681170463562012,-0.345210611820221,-0.330775558948517,-0.266063302755356,-0.22976653277874
"Morocco","MA","MAR",2019,-0.141041234135628,-0.628879964351654,-0.339893311262131,-0.201040923595428,-0.339404433965683,-0.247476294636726
"Morocco","MA","MAR",2020,-0.0350056178867817,-0.599163711071014,-0.353218376636505,-0.0887200012803078,-0.420344829559326,-0.191629990935326
"Morocco","MA","MAR",2021,-0.121726758778095,-0.607270956039429,-0.396076440811157,-0.0667751729488373,-0.433994024991989,-0.253220349550247
"Oman","OM","OMN",2002,0.684939324855804,-0.787837088108063,0.928577423095703,0.348226636648178,0.903639674186707,0.450584828853607
"Oman","OM","OMN",2003,0.673514068126678,-0.822545170783997,1.06150567531586,0.442849576473236,0.560884475708008,0.46612486243248
"Oman","OM","OMN",2004,0.646622002124786,-0.656644761562347,1.11596786975861,0.465126842260361,0.657538533210754,0.511067450046539
"Oman","OM","OMN",2005,0.547744989395142,-0.91963791847229,0.946494877338409,0.320283025503159,0.38773900270462,0.30626255273819
"Oman","OM","OMN",2006,0.603963792324066,-1.15948677062988,0.841323614120483,0.303178310394287,0.345938503742218,0.286412954330444
"Oman","OM","OMN",2007,0.612982988357544,-1.06266069412231,0.939814209938049,0.329215705394745,0.345133304595947,0.401494562625885
"Oman","OM","OMN",2008,0.696053743362427,-1.07074284553528,0.92218691110611,0.412127196788788,0.506844520568848,0.586111426353455
"Oman","OM","OMN",2009,0.526367485523224,-1.07403683662415,0.826832592487335,0.379322558641434,0.327373415231705,0.549425184726715
"Oman","OM","OMN",2010,0.442818641662598,-1.04480218887329,0.590241730213165,0.372534334659576,0.319510161876678,0.536823689937592
"Oman","OM","OMN",2011,0.319843679666519,-1.06049060821533,0.432440459728241,0.245542839169502,0.132201880216599,0.461840659379959
"Oman","OM","OMN",2012,0.466739267110825,-1.02166974544525,0.462077081203461,0.260224997997284,0.175082936882973,0.518843412399292
"Oman","OM","OMN",2013,0.471201926469803,-1.03864192962646,0.459530204534531,0.21126115322113,0.15266977250576,0.48690727353096
"Oman","OM","OMN",2014,0.688467621803284,-1.09070551395416,0.734907329082489,0.263467371463776,0.304765224456787,0.485294878482819
"Oman","OM","OMN",2015,0.570452392101288,-1.06144654750824,0.78333979845047,0.079835407435894,0.264559596776962,0.373579889535904
"Oman","OM","OMN",2016,0.606734871864319,-1.05430674552917,0.760053038597107,0.189830422401428,0.333613365888596,0.402702987194061
"Oman","OM","OMN",2017,0.418861448764801,-1.06162369251251,0.754382252693176,0.190403088927269,0.242988526821136,0.428314507007599
"Oman","OM","OMN",2018,0.171316742897034,-1.04427027702332,0.647719919681549,0.182124376296997,0.241789311170578,0.459107875823975
"Oman","OM","OMN",2019,0.290434986352921,-1.15427422523499,0.587534427642822,0.254982084035873,0.448438465595245,0.549288749694824
"Oman","OM","OMN",2020,0.458940088748932,-1.14482235908508,0.426988631486893,0.135548576712608,0.227259784936905,0.615264594554901
"Oman","OM","OMN",2021,0.329793661832809,-1.19298839569092,0.506666421890259,-0.118082351982594,0.086335800588131,0.405818223953247
"Qatar","QA","QAT",2002,0.268861919641495,-0.695015847682953,0.831208944320679,0.450908303260803,0.65882533788681,0.524093270301819
"Qatar","QA","QAT",2003,0.193475112318993,-0.687298893928528,1.18648135662079,0.442849576473236,0.507493376731873,0.424307197332382
"Qatar","QA","QAT",2004,0.157274693250656,-0.429903537034988,1.12390494346619,0.509284138679504,0.504270613193512,0.338918656110764
"Qatar","QA","QAT",2005,0.260314732789993,-0.513849496841431,1.0276792049408,0.398032546043396,0.705090939998627,0.576530277729034
"Qatar","QA","QAT",2006,0.307922422885895,-0.865734755992889,0.926921546459198,0.571230173110962,0.923123240470886,0.624771058559418
"Qatar","QA","QAT",2007,0.398662835359573,-1.04032266139984,0.952527701854706,0.437972337007523,0.670674502849579,0.519775092601776
"Qatar","QA","QAT",2008,0.64574259519577,-1.02059841156006,1.11487662792206,0.593609273433685,0.932359039783478,0.670135021209717
"Qatar","QA","QAT",2009,0.682819783687592,-1.00349426269531,1.22328507900238,0.961149215698242,1.558678150177,0.902352452278137
"Qatar","QA","QAT",2010,0.596593677997589,-1.01213717460632,1.15385591983795,0.839780926704407,1.40004742145538,0.845954716205597
"Qatar","QA","QAT",2011,0.496541798114777,-1.08491718769073,1.17473101615906,0.748206079006195,1.00110983848572,0.750734090805054
"Qatar","QA","QAT",2012,0.795837998390198,-0.921773374080658,1.22359883785248,0.930580139160156,1.05304300785065,0.952364325523376
"Qatar","QA","QAT",2013,0.741280317306519,-0.978366434574127,1.21254646778107,1.05230152606964,1.103670835495,0.952170729637146
"Qatar","QA","QAT",2014,0.569621562957764,-1.1334308385849,0.977457761764526,0.940700650215149,0.983825206756592,0.862476110458374
"Qatar","QA","QAT",2015,0.674460411071777,-1.14476382732391,0.996630370616913,0.951725840568542,0.887969553470612,0.766341507434845
"Qatar","QA","QAT",2016,0.692261636257172,-1.15101516246796,0.900234639644623,0.731654822826386,0.89516270160675,0.787816524505615
"Qatar","QA","QAT",2017,0.416310757398605,-1.17643439769745,0.661161243915558,0.736953318119049,0.729398548603058,0.718752920627594
"Qatar","QA","QAT",2018,0.59680038690567,-1.2105792760849,0.663570702075958,0.625672340393066,0.720703482627869,0.728170216083527
"Qatar","QA","QAT",2019,0.677464723587036,-1.30786001682281,0.700104176998138,0.699964761734009,0.845478773117065,0.728758275508881
"Qatar","QA","QAT",2020,0.852749884128571,-1.28795349597931,0.686410009860992,0.900529682636261,0.780476272106171,0.995863139629364
"Qatar","QA","QAT",2021,0.863454759120941,-1.17490935325623,0.95788049697876,1.11364328861237,0.806125164031982,0.927772462368011
"Saudi Arabia","SA","SAU",2002,-0.0733143463730812,-1.7028511762619,0.00242432416416705,-0.337844789028168,0.182221665978432,-0.0178285911679268
"Saudi Arabia","SA","SAU",2003,0.0807505175471306,-1.64427065849304,0.141017645597458,-0.354694008827209,-0.167679190635681,0.108946494758129
"Saudi Arabia","SA","SAU",2004,0.0419803410768509,-1.32374036312103,-0.65463250875473,-0.37322735786438,-0.297835916280746,0.0121128251776099
"Saudi Arabia","SA","SAU",2005,0.110850624740124,-1.53631925582886,-0.240614011883736,-0.380938470363617,-0.103524342179298,-0.022657472640276
"Saudi Arabia","SA","SAU",2006,-0.0462311990559101,-1.78146910667419,-0.522423803806305,-0.180731818079948,-0.195399954915047,0.011266702786088
"Saudi Arabia","SA","SAU",2007,0.0170538369566202,-1.70514690876007,-0.467305243015289,-0.125066921114922,-0.169473513960838,0.067988209426403
"Saudi Arabia","SA","SAU",2008,0.120269671082497,-1.72997355461121,-0.336524426937103,-0.0954395905137062,-0.0146756879985332,0.0687283277511597
"Saudi Arabia","SA","SAU",2009,0.15986967086792,-1.82226276397705,-0.49253523349762,-0.101208657026291,-0.0205527171492577,0.0451107770204544
"Saudi Arabia","SA","SAU",2010,0.159661039710045,-1.78806269168854,-0.226726979017258,-0.0121746864169836,0.0369552858173847,0.149531841278076
"Saudi Arabia","SA","SAU",2011,0.0248203855007887,-1.90719747543335,-0.464799642562866,-0.308550298213959,-0.312528073787689,0.0465363264083862
"Saudi Arabia","SA","SAU",2012,0.0990875139832497,-1.86564028263092,-0.480688244104385,0.0313933752477169,-0.045678298920393,0.14434976875782
"Saudi Arabia","SA","SAU",2013,0.0796888396143913,-1.87640869617462,-0.431784123182297,0.0707134678959847,-0.0272163189947605,0.152995586395264
"Saudi Arabia","SA","SAU",2014,-0.00610490515828133,-1.88201534748077,-0.285844653844833,0.205546021461487,0.0818553864955902,0.132624104619026
"Saudi Arabia","SA","SAU",2015,0.0214440580457449,-1.84269392490387,-0.626398980617523,0.198126718401909,0.0474853776395321,0.115081936120987
"Saudi Arabia","SA","SAU",2016,0.0752982050180435,-1.72744107246399,-0.464828491210938,0.258924305438995,0.224984735250473,0.332620948553085
"Saudi Arabia","SA","SAU",2017,-0.00278350105509162,-1.69124603271484,-0.637824892997742,0.254605442285538,0.359226703643799,0.0953745543956757
"Saudi Arabia","SA","SAU",2018,-0.0777627825737,-1.69598186016083,-0.622406601905823,0.318702548742294,0.355426996946335,0.136871203780174
"Saudi Arabia","SA","SAU",2019,-0.0703633204102516,-1.65963327884674,-0.60589075088501,0.302020937204361,0.270871371030808,0.164395228028297
"Saudi Arabia","SA","SAU",2020,0.263433009386063,-1.60917353630066,-0.617465674877167,0.139777943491936,0.265087097883224,0.236308723688126
"Saudi Arabia","SA","SAU",2021,0.335709989070892,-1.59064388275146,-0.583859264850616,0.496305406093597,0.306925714015961,0.230156630277634
"Syrian Arab Republic","SY","SYR",2002,-1.02277934551239,-1.62320375442505,0.277536004781723,-0.908703207969666,-0.39979687333107,-0.560230851173401
"Syrian Arab Republic","SY","SYR",2003,-1.05539417266846,-1.62107467651367,0.0636451989412308,-1.13893091678619,-0.801886260509491,-0.483061969280243
"Syrian Arab Republic","SY","SYR",2004,-1.10369324684143,-1.50578105449677,-0.285746335983276,-1.05987346172333,-0.829437732696533,-0.476456582546234
"Syrian Arab Republic","SY","SYR",2005,-0.985814392566681,-1.50819897651672,-0.461608588695526,-1.14605414867401,-0.852751672267914,-0.594401121139526
"Syrian Arab Republic","SY","SYR",2006,-1.33515012264252,-1.75781285762787,-0.278217822313309,-0.808171331882477,-0.949827790260315,-0.930595397949219
"Syrian Arab Republic","SY","SYR",2007,-1.33315742015839,-1.78191101551056,-0.339876115322113,-0.689914643764496,-1.00992751121521,-0.834666192531586
"Syrian Arab Republic","SY","SYR",2008,-1.13534939289093,-1.72432065010071,-0.339036047458649,-0.508487224578857,-1.07074987888336,-0.721992611885071
"Syrian Arab Republic","SY","SYR",2009,-0.918233692646027,-1.69282829761505,-0.509100556373596,-0.479980647563934,-1.05090487003326,-0.579241037368774
"Syrian Arab Republic","SY","SYR",2010,-0.855281352996826,-1.6966712474823,-0.805789709091187,-0.439207285642624,-1.10248649120331,-0.593127608299255
"Syrian Arab Republic","SY","SYR",2011,-0.952119052410126,-1.80628085136414,-2.01210689544678,-0.510261297225952,-1.10073792934418,-0.778770327568054
"Syrian Arab Republic","SY","SYR",2012,-1.53074514865875,-1.8442211151123,-2.68227386474609,-1.14881825447083,-1.21936678886414,-1.1284441947937
"Syrian Arab Republic","SY","SYR",2013,-1.54563355445862,-1.83490705490112,-2.68114280700684,-1.39845490455627,-1.26526856422424,-1.40619838237762
"Syrian Arab Republic","SY","SYR",2014,-1.68455278873444,-1.87819886207581,-2.74882411956787,-1.3980633020401,-1.56001710891724,-1.35771584510803
"Syrian Arab Republic","SY","SYR",2015,-1.6380842924118,-1.92247927188873,-2.97408103942871,-1.5889368057251,-1.5525449514389,-1.42237973213196
"Syrian Arab Republic","SY","SYR",2016,-1.67117810249329,-1.98669457435608,-2.91632318496704,-1.81459355354309,-1.57885193824768,-1.98808670043945
"Syrian Arab Republic","SY","SYR",2017,-1.82913541793823,-1.96947300434113,-2.62081909179688,-1.76858150959015,-1.56813323497772,-2.09017205238342
"Syrian Arab Republic","SY","SYR",2018,-1.74023497104645,-1.9701521396637,-2.74368667602539,-1.67098450660706,-1.63150668144226,-2.04664945602417
"Syrian Arab Republic","SY","SYR",2019,-1.76075744628906,-1.99376249313354,-2.72988080978394,-1.71156418323517,-1.6931779384613,-2.07467174530029
"Syrian Arab Republic","SY","SYR",2020,-1.87161779403687,-1.93242752552032,-2.70813798904419,-1.73211216926575,-1.71819663047791,-2.070228099823
"Syrian Arab Republic","SY","SYR",2021,-1.62891924381256,-1.91665363311768,-2.66344451904297,-1.73978078365326,-1.78192281723022,-2.07013750076294
"Tunisia","TN","TUN",2002,-0.0895186811685562,-0.959111213684082,0.154225796461105,0.522498726844788,0.283649951219559,-0.166766956448555
"Tunisia","TN","TUN",2003,-0.00807103421539068,-0.920870661735535,0.317870795726776,0.487966120243073,0.123504690825939,-0.19057497382164
"Tunisia","TN","TUN",2004,-0.114593125879765,-0.866649389266968,0.148958027362823,0.435415357351303,0.0678435117006302,0.0466941632330418
"Tunisia","TN","TUN",2005,-0.0435877293348312,-0.950093030929565,0.0242274515330791,0.35218408703804,-0.0780683010816574,-0.0362686142325401
"Tunisia","TN","TUN",2006,0.191378027200699,-1.29791927337646,0.20851244032383,0.695144832134247,-0.0125321475788951,0.112958908081055
"Tunisia","TN","TUN",2007,0.0667113736271858,-1.37891387939453,0.158262476325035,0.494684875011444,-0.109465233981609,0.0808289721608162
"Tunisia","TN","TUN",2008,0.0878936722874641,-1.35054492950439,0.0998212322592735,0.322918236255646,-0.165581718087196,0.0795686021447182
"Tunisia","TN","TUN",2009,-0.00624055694788694,-1.35833787918091,0.0596117079257965,0.379744827747345,-0.0791570097208023,0.119992300868034
"Tunisia","TN","TUN",2010,-0.0873018652200699,-1.41616463661194,-0.0639763623476028,0.169263154268265,-0.118834763765335,0.0388533286750317
"Tunisia","TN","TUN",2011,-0.266437083482742,-0.370504289865494,-0.3537417948246,0.00776998326182365,-0.0224449206143618,-0.192856058478355
"Tunisia","TN","TUN",2012,-0.242597430944443,-0.171652227640152,-0.721316933631897,-0.0438597425818443,-0.0336579568684101,-0.163849368691444
"Tunisia","TN","TUN",2013,-0.285445630550385,-0.0844273641705513,-0.902563273906708,-0.0523930937051773,-0.0413553081452847,-0.178690433502197
"Tunisia","TN","TUN",2014,-0.339506477117538,0.19294935464859,-0.851661503314972,-0.063872754573822,-0.0187257844954729,-0.0686189457774162
"Tunisia","TN","TUN",2015,-0.369946032762527,0.241406425833702,-0.960387229919434,-0.069419339299202,-0.0504436939954758,-0.0260805804282427
"Tunisia","TN","TUN",2016,-0.44368252158165,0.303749322891235,-1.14132678508759,-0.173241034150124,-0.137761428952217,0.040118433535099
"Tunisia","TN","TUN",2017,-0.347158163785934,0.162128090858459,-1.02468180656433,-0.0171631816774607,-0.133681297302246,0.113977797329426
"Tunisia","TN","TUN",2018,-0.481665909290314,0.183875694870949,-0.868881702423096,0.0272098314017057,-0.0895712375640869,0.0744369924068451
"Tunisia","TN","TUN",2019,-0.371870785951614,0.262432813644409,-0.869923055171967,-0.00382654787972569,-0.105317533016205,0.110084667801857
"Tunisia","TN","TUN",2020,-0.288627088069916,0.282338708639145,-0.580146014690399,-0.157310023903847,-0.0814436376094818,0.172943666577339
"Tunisia","TN","TUN",2021,-0.388520210981369,0.187098532915115,-0.695751190185547,-0.167064905166626,-0.22955596446991,0.0956353172659874
"United Arab Emirates","AE","ARE",2002,1.07834911346436,-0.631543517112732,0.937275111675262,0.796371579170227,1.11161923408508,0.702703297138214
"United Arab Emirates","AE","ARE",2003,0.63887894153595,-0.912192344665527,0.994650185108185,0.524685382843018,0.826036751270294,0.544806301593781
"United Arab Emirates","AE","ARE",2004,0.792539000511169,-0.687912881374359,0.768757998943329,0.679595291614532,1.03947734832764,0.433262318372726
"United Arab Emirates","AE","ARE",2005,0.651603817939758,-0.708473205566406,0.875413298606873,0.704675853252411,0.990808546543121,0.389575779438019
"United Arab Emirates","AE","ARE",2006,0.624527931213379,-0.999829351902008,0.923421084880829,0.936864733695984,0.885872542858124,0.31153592467308
"United Arab Emirates","AE","ARE",2007,0.609011650085449,-0.906883299350739,0.975391387939453,0.917174279689789,1.00609827041626,0.274766087532043
"United Arab Emirates","AE","ARE",2008,0.567518591880798,-0.9123814702034,0.696017920970917,0.868459820747375,1.07145047187805,0.417219996452332
"United Arab Emirates","AE","ARE",2009,0.443285644054413,-0.838367760181427,0.919041454792023,0.986655533313751,0.906304717063904,0.399278730154037
"United Arab Emirates","AE","ARE",2010,0.318565338850021,-0.903547346591949,0.801757872104645,0.89254903793335,0.890833914279938,0.317414134740829
"United Arab Emirates","AE","ARE",2011,0.445208370685577,-0.89624410867691,0.912175714969635,1.04939103126526,1.07048761844635,0.498547106981277
"United Arab Emirates","AE","ARE",2012,0.670992136001587,-1.00081920623779,0.863251447677612,1.14249610900879,1.15573620796204,0.534359633922577
"United Arab Emirates","AE","ARE",2013,0.774973034858704,-1.01948356628418,0.894792199134827,1.17059338092804,1.27358639240265,0.613574981689453
"United Arab Emirates","AE","ARE",2014,0.987515151500702,-1.06136298179626,0.7689089179039,1.43015456199646,1.19904685020447,0.65126621723175
"United Arab Emirates","AE","ARE",2015,1.10663878917694,-1.11241888999939,0.759545385837555,1.50539803504944,1.06866586208344,0.636979579925537
"United Arab Emirates","AE","ARE",2016,0.969070076942444,-1.05032098293304,0.56474894285202,1.40988969802856,1.16621565818787,0.842403054237366
"United Arab Emirates","AE","ARE",2017,1.01081418991089,-1.09680497646332,0.618641376495361,1.41076159477234,1.12922430038452,0.792877912521362
"United Arab Emirates","AE","ARE",2018,0.928818166255951,-1.1269211769104,0.704976201057434,1.42372941970825,1.14750838279724,0.799744963645935
"United Arab Emirates","AE","ARE",2019,0.977581739425659,-1.14009809494019,0.685608506202698,1.37060034275055,1.1029372215271,0.834396660327911
"United Arab Emirates","AE","ARE",2020,1.08591055870056,-1.17846524715424,0.620475769042969,1.3169686794281,1.11124730110168,0.909197747707367
"United Arab Emirates","AE","ARE",2021,1.01389575004578,-1.19277334213257,0.649299502372742,1.39862751960754,1.17822527885437,0.830101609230042
"West Bank and Gaza","PS","PSE",2002,-0.991329431533813,-0.80527251958847,-1.74340748786926,-1.03128480911255,-0.329601347446442,-0.348653823137283
"West Bank and Gaza","PS","PSE",2003,-1.02431631088257,-0.850594282150269,-1.26578211784363,-1.22467434406281,-0.37824472784996,-0.107248865067959
"West Bank and Gaza","PS","PSE",2004,-0.637341201305389,-0.682446479797363,-1.16626405715942,-0.791460990905762,-0.0212552063167095,-0.26943427324295
"West Bank and Gaza","PS","PSE",2005,-1.0602148771286,-0.653496861457825,-1.54093611240387,-1.0620539188385,-0.496897280216217,-0.343224316835403
"West Bank and Gaza","PS","PSE",2006,-1.01535260677338,-0.434554874897003,-1.7702112197876,-0.98186868429184,-0.303130626678467,-0.391614824533463
"West Bank and Gaza","PS","PSE",2007,-1.19977724552155,-0.677934110164642,-1.87161386013031,-1.10637187957764,-0.116835959255695,-0.625909268856049
"West Bank and Gaza","PS","PSE",2008,-1.12084209918976,-0.862080752849579,-1.99042999744415,-1.27342355251312,-0.440319508314133,-0.758877277374268
"West Bank and Gaza","PS","PSE",2009,-0.209515675902367,-0.953719019889832,-2.04333114624023,-0.675499498844147,-0.108424991369247,-0.31480073928833
"West Bank and Gaza","PS","PSE",2010,0.213046863675117,-0.823600351810455,-1.97357547283173,-0.373958826065063,-0.113489478826523,-0.209301576018333
"West Bank and Gaza","PS","PSE",2011,0.199400275945663,-1.00567626953125,-1.93561995029449,-0.598375856876373,-0.453298777341843,-0.43671789765358
"West Bank and Gaza","PS","PSE",2012,0.0725720450282097,-0.935010075569153,-1.95603215694427,-0.712441205978394,-0.257587939500809,-0.445701062679291
"West Bank and Gaza","PS","PSE",2013,0.119205616414547,-0.928261876106262,-1.77882349491119,-0.725639522075653,-0.258733332157135,-0.400905102491379
"West Bank and Gaza","PS","PSE",2014,0.2057785987854,-0.881757915019989,-1.98501086235046,-0.488269746303558,-0.283548146486282,-0.383387714624405
"West Bank and Gaza","PS","PSE",2015,0.0991153419017792,-0.985828936100006,-2.16050219535828,-0.474415510892868,-0.458670765161514,-0.507211565971375
"West Bank and Gaza","PS","PSE",2016,0.0606032758951187,-1.09477424621582,-1.9763993024826,-0.63489818572998,-0.155563965439796,-0.346323132514954
"West Bank and Gaza","PS","PSE",2017,0.0207535028457642,-1.03172302246094,-1.65997684001923,-0.403328120708466,-0.0327524393796921,-0.418358683586121
"West Bank and Gaza","PS","PSE",2018,0.0168452635407448,-0.92078959941864,-1.81633627414703,-0.762978434562683,-0.199808403849602,-0.486841976642609
"West Bank and Gaza","PS","PSE",2019,0.0316884703934193,-1.02680480480194,-1.89528954029083,-0.746353566646576,-0.330311328172684,-0.488022923469543
"West Bank and Gaza","PS","PSE",2020,0.0780497714877129,-1.13041007518768,-2.00730156898499,-0.648640096187592,-0.554746866226196,-0.462269395589828
"West Bank and Gaza","PS","PSE",2021,-0.0245757326483727,-1.11076700687408,-1.83926546573639,-0.766787648200989,-0.738599836826324,-0.496767908334732
"Yemen, Rep.","YE","YEM",2002,-0.881512939929962,-1.16135859489441,-1.30688047409058,-0.891898393630981,-0.971152007579803,-1.47391068935394
"Yemen, Rep.","YE","YEM",2003,-0.778926432132721,-0.892346799373627,-1.48176205158234,-0.860055863857269,-1.00305140018463,-1.2604101896286
"Yemen, Rep.","YE","YEM",2004,-0.884178817272186,-0.965285062789917,-1.55118668079376,-0.971664607524872,-1.08990585803986,-1.23347663879395
"Yemen, Rep.","YE","YEM",2005,-0.835764110088348,-1.04973876476288,-1.43667340278625,-0.915598034858704,-0.896564424037933,-1.26733553409576
"Yemen, Rep.","YE","YEM",2006,-0.773362696170807,-1.18712043762207,-1.34531164169312,-0.918037176132202,-0.789497017860413,-1.03928434848785
"Yemen, Rep.","YE","YEM",2007,-0.675990700721741,-1.11243689060211,-1.59425187110901,-0.881667733192444,-0.793472647666931,-0.969070315361023
"Yemen, Rep.","YE","YEM",2008,-0.725814461708069,-1.2209724187851,-2.01279425621033,-0.890321016311646,-0.797573387622833,-0.984243035316467
"Yemen, Rep.","YE","YEM",2009,-0.641269385814667,-1.27136433124542,-2.32902073860168,-1.08034491539001,-1.0754017829895,-1.0932948589325
"Yemen, Rep.","YE","YEM",2010,-0.61578905582428,-1.3312314748764,-2.4237163066864,-1.02837955951691,-1.19163048267365,-1.09233939647675
"Yemen, Rep.","YE","YEM",2011,-0.843221604824066,-1.39367055892944,-2.42679643630981,-1.15569376945496,-1.2419102191925,-1.29189229011536
"Yemen, Rep.","YE","YEM",2012,-0.698649287223816,-1.35484611988068,-2.43066310882568,-1.28405320644379,-1.25874841213226,-1.27767753601074
"Yemen, Rep.","YE","YEM",2013,-0.738603949546814,-1.33361232280731,-2.37482810020447,-1.22952568531036,-1.25617694854736,-1.1865621805191
"Yemen, Rep.","YE","YEM",2014,-0.909684360027313,-1.3010036945343,-2.66557502746582,-1.43605935573578,-1.56529819965363,-1.19583749771118
"Yemen, Rep.","YE","YEM",2015,-1.13490104675293,-1.52344965934753,-2.68022155761719,-1.66858470439911,-1.49198246002197,-1.2723742723465
"Yemen, Rep.","YE","YEM",2016,-1.48808431625366,-1.69016528129578,-2.79487657546997,-1.87033319473267,-1.68090927600861,-1.6683954000473
"Yemen, Rep.","YE","YEM",2017,-1.4702285528183,-1.6910492181778,-2.94244337081909,-1.94287204742432,-1.60352885723114,-1.75681972503662
"Yemen, Rep.","YE","YEM",2018,-1.61906754970551,-1.7621613740921,-3.0059061050415,-2.26315975189209,-1.64219284057617,-1.79778528213501
"Yemen, Rep.","YE","YEM",2019,-1.676149725914,-1.78093492984772,-2.77083039283752,-2.315260887146,-1.69835770130157,-1.78223860263824
"Yemen, Rep.","YE","YEM",2020,-1.83673191070557,-1.76526355743408,-2.65008354187012,-2.34856104850769,-1.69418740272522,-1.77549743652344
"Yemen, Rep.","YE","YEM",2021,-2.00794863700867,-1.68448996543884,-2.58803796768188,-2.30446362495422,-1.65169060230255,-1.7988783121109
